<?xml version="1.0" encoding="UTF-8"?>
<GenRun Id="synth_1" LaunchPart="xc7a100tcsg324-1" LaunchTime="1540408677">
  <File Type="PA-TCL" Name="clocked4x7SegDisplay.tcl"/>
  <File Type="REPORTS-TCL" Name="clocked4x7SegDisplay_reports.tcl"/>
  <File Type="RDS-RDS" Name="clocked4x7SegDisplay.vds"/>
  <File Type="RDS-UTIL" Name="clocked4x7SegDisplay_utilization_synth.rpt"/>
  <File Type="RDS-UTIL-PB" Name="clocked4x7SegDisplay_utilization_synth.pb"/>
  <File Type="RDS-DCP" Name="clocked4x7SegDisplay.dcp"/>
  <FileSet Name="sources" Type="DesignSrcs" RelSrcDir="$PSRCDIR/sources_1">
    <Filter Type="Srcs"/>
    <File Path="$PSRCDIR/sources_1/new/clocked4x7SegDisplay.v">
      <FileInfo>
        <Attr Name="UsedIn" Val="synthesis"/>
        <Attr Name="UsedIn" Val="implementation"/>
        <Attr Name="UsedIn" Val="simulation"/>
      </FileInfo>
    </File>
    <File Path="$PSRCDIR/sources_1/imports/sources_1/new/d4x7segDisplay.v">
      <FileInfo>
        <Attr Name="ImportPath" Val="$PPRDIR/../d4x7segDisplay/d4x7SegDisplay.srcs/sources_1/new/d4x7segDisplay.v"/>
        <Attr Name="ImportTime" Val="1539888479"/>
        <Attr Name="UsedIn" Val="synthesis"/>
        <Attr Name="UsedIn" Val="implementation"/>
        <Attr Name="UsedIn" Val="simulation"/>
      </FileInfo>
    </File>
    <File Path="$PSRCDIR/sources_1/imports/sources_1/imports/new/m16x4Mux.v">
      <FileInfo>
        <Attr Name="ImportPath" Val="$PPRDIR/../d4x7segDisplay/d4x7SegDisplay.srcs/sources_1/imports/new/m16x4Mux.v"/>
        <Attr Name="ImportTime" Val="1539888479"/>
        <Attr Name="UsedIn" Val="synthesis"/>
        <Attr Name="UsedIn" Val="implementation"/>
        <Attr Name="UsedIn" Val="simulation"/>
      </FileInfo>
    </File>
    <File Path="$PSRCDIR/sources_1/imports/sources_1/imports/new/m2x1mux.v">
      <FileInfo>
        <Attr Name="ImportPath" Val="$PPRDIR/../d4x7segDisplay/d4x7SegDisplay.srcs/sources_1/imports/new/m2x1mux.v"/>
        <Attr Name="ImportTime" Val="1539888479"/>
        <Attr Name="UsedIn" Val="synthesis"/>
        <Attr Name="UsedIn" Val="implementation"/>
        <Attr Name="UsedIn" Val="simulation"/>
      </FileInfo>
    </File>
    <File Path="$PSRCDIR/sources_1/imports/sources_1/imports/new/m4x2Mux.v">
      <FileInfo>
        <Attr Name="ImportPath" Val="$PPRDIR/../d4x7segDisplay/d4x7SegDisplay.srcs/sources_1/imports/new/m4x2Mux.v"/>
        <Attr Name="ImportTime" Val="1539888479"/>
        <Attr Name="UsedIn" Val="synthesis"/>
        <Attr Name="UsedIn" Val="implementation"/>
        <Attr Name="UsedIn" Val="simulation"/>
      </FileInfo>
    </File>
    <File Path="$PSRCDIR/sources_1/imports/sources_1/imports/new/vcb.v">
      <FileInfo>
        <Attr Name="ImportPath" Val="$PPRDIR/../d4x7segDisplay/d4x7SegDisplay.srcs/sources_1/imports/new/vcb.v"/>
        <Attr Name="ImportTime" Val="1539888479"/>
        <Attr Name="UsedIn" Val="synthesis"/>
        <Attr Name="UsedIn" Val="implementation"/>
        <Attr Name="UsedIn" Val="simulation"/>
      </FileInfo>
    </File>
    <Config>
      <Option Name="DesignMode" Val="RTL"/>
      <Option Name="TopModule" Val="clocked4x7SegDisplay"/>
    </Config>
  </FileSet>
  <FileSet Name="constrs_in" Type="Constrs" RelSrcDir="$PSRCDIR/constrs_1">
    <Filter Type="Constrs"/>
    <File Path="$PSRCDIR/constrs_1/imports/CONSTANTS/Nexys4DDR_Master.xdc">
      <FileInfo>
        <Attr Name="ImportPath" Val="$PPRDIR/../d4x7segDisplay/d4x7SegDisplay.srcs/constrs_1/imports/CONSTANTS/Nexys4DDR_Master.xdc"/>
        <Attr Name="ImportTime" Val="1539888479"/>
        <Attr Name="UsedIn" Val="synthesis"/>
        <Attr Name="UsedIn" Val="implementation"/>
      </FileInfo>
    </File>
    <Config>
      <Option Name="ConstrsType" Val="XDC"/>
    </Config>
  </FileSet>
  <Strategy Version="1" Minor="2">
    <StratHandle Name="Vivado Synthesis Defaults" Flow="Vivado Synthesis 2018"/>
    <Step Id="synth_design"/>
  </Strategy>
</GenRun>
