<?xml version="1.0" encoding="UTF-8"?>
<GenRun Id="impl_1" LaunchPart="xc7a100tcsg324-1" LaunchTime="1541694388">
  <File Type="BITSTR-BMM" Name="manualMultiply_bd.bmm"/>
  <File Type="OPT-METHODOLOGY-DRC" Name="manualMultiply_methodology_drc_opted.rpt"/>
  <File Type="INIT-TIMING" Name="manualMultiply_timing_summary_init.rpt"/>
  <File Type="ROUTE-PWR" Name="manualMultiply_power_routed.rpt"/>
  <File Type="PA-TCL" Name="manualMultiply.tcl"/>
  <File Type="OPT-TIMING" Name="manualMultiply_timing_summary_opted.rpt"/>
  <File Type="OPT-DCP" Name="manualMultiply_opt.dcp"/>
  <File Type="ROUTE-PWR-SUM" Name="manualMultiply_power_summary_routed.pb"/>
  <File Type="REPORTS-TCL" Name="manualMultiply_reports.tcl"/>
  <File Type="OPT-DRC" Name="manualMultiply_drc_opted.rpt"/>
  <File Type="OPT-HWDEF" Name="manualMultiply.hwdef"/>
  <File Type="PWROPT-DCP" Name="manualMultiply_pwropt.dcp"/>
  <File Type="PWROPT-DRC" Name="manualMultiply_drc_pwropted.rpt"/>
  <File Type="PWROPT-TIMING" Name="manualMultiply_timing_summary_pwropted.rpt"/>
  <File Type="PLACE-DCP" Name="manualMultiply_placed.dcp"/>
  <File Type="PLACE-IO" Name="manualMultiply_io_placed.rpt"/>
  <File Type="PLACE-CLK" Name="manualMultiply_clock_utilization_placed.rpt"/>
  <File Type="PLACE-UTIL" Name="manualMultiply_utilization_placed.rpt"/>
  <File Type="PLACE-UTIL-PB" Name="manualMultiply_utilization_placed.pb"/>
  <File Type="PLACE-CTRL" Name="manualMultiply_control_sets_placed.rpt"/>
  <File Type="PLACE-SIMILARITY" Name="manualMultiply_incremental_reuse_placed.rpt"/>
  <File Type="PLACE-PRE-SIMILARITY" Name="manualMultiply_incremental_reuse_pre_placed.rpt"/>
  <File Type="BG-BGN" Name="manualMultiply.bgn"/>
  <File Type="PLACE-TIMING" Name="manualMultiply_timing_summary_placed.rpt"/>
  <File Type="POSTPLACE-PWROPT-DCP" Name="manualMultiply_postplace_pwropt.dcp"/>
  <File Type="BG-BIN" Name="manualMultiply.bin"/>
  <File Type="POSTPLACE-PWROPT-TIMING" Name="manualMultiply_timing_summary_postplace_pwropted.rpt"/>
  <File Type="PHYSOPT-DCP" Name="manualMultiply_physopt.dcp"/>
  <File Type="PHYSOPT-DRC" Name="manualMultiply_drc_physopted.rpt"/>
  <File Type="BITSTR-MSK" Name="manualMultiply.msk"/>
  <File Type="PHYSOPT-TIMING" Name="manualMultiply_timing_summary_physopted.rpt"/>
  <File Type="ROUTE-ERROR-DCP" Name="manualMultiply_routed_error.dcp"/>
  <File Type="ROUTE-DCP" Name="manualMultiply_routed.dcp"/>
  <File Type="ROUTE-BLACKBOX-DCP" Name="manualMultiply_routed_bb.dcp"/>
  <File Type="ROUTE-DRC" Name="manualMultiply_drc_routed.rpt"/>
  <File Type="ROUTE-DRC-PB" Name="manualMultiply_drc_routed.pb"/>
  <File Type="BITSTR-LTX" Name="debug_nets.ltx"/>
  <File Type="BITSTR-LTX" Name="manualMultiply.ltx"/>
  <File Type="ROUTE-DRC-RPX" Name="manualMultiply_drc_routed.rpx"/>
  <File Type="BITSTR-MMI" Name="manualMultiply.mmi"/>
  <File Type="ROUTE-METHODOLOGY-DRC" Name="manualMultiply_methodology_drc_routed.rpt"/>
  <File Type="ROUTE-METHODOLOGY-DRC-RPX" Name="manualMultiply_methodology_drc_routed.rpx"/>
  <File Type="BITSTR-SYSDEF" Name="manualMultiply.sysdef"/>
  <File Type="ROUTE-METHODOLOGY-DRC-PB" Name="manualMultiply_methodology_drc_routed.pb"/>
  <File Type="ROUTE-PWR-RPX" Name="manualMultiply_power_routed.rpx"/>
  <File Type="ROUTE-STATUS" Name="manualMultiply_route_status.rpt"/>
  <File Type="ROUTE-STATUS-PB" Name="manualMultiply_route_status.pb"/>
  <File Type="ROUTE-TIMINGSUMMARY" Name="manualMultiply_timing_summary_routed.rpt"/>
  <File Type="ROUTE-TIMING-PB" Name="manualMultiply_timing_summary_routed.pb"/>
  <File Type="ROUTE-TIMING-RPX" Name="manualMultiply_timing_summary_routed.rpx"/>
  <File Type="ROUTE-SIMILARITY" Name="manualMultiply_incremental_reuse_routed.rpt"/>
  <File Type="ROUTE-CLK" Name="manualMultiply_clock_utilization_routed.rpt"/>
  <File Type="ROUTE-BUS-SKEW" Name="manualMultiply_bus_skew_routed.rpt"/>
  <File Type="ROUTE-BUS-SKEW-PB" Name="manualMultiply_bus_skew_routed.pb"/>
  <File Type="ROUTE-BUS-SKEW-RPX" Name="manualMultiply_bus_skew_routed.rpx"/>
  <File Type="POSTROUTE-PHYSOPT-DCP" Name="manualMultiply_postroute_physopt.dcp"/>
  <File Type="POSTROUTE-PHYSOPT-BLACKBOX-DCP" Name="manualMultiply_postroute_physopt_bb.dcp"/>
  <File Type="POSTROUTE-PHYSOPT-TIMING" Name="manualMultiply_timing_summary_postroute_physopted.rpt"/>
  <File Type="POSTROUTE-PHYSOPT-TIMING-PB" Name="manualMultiply_timing_summary_postroute_physopted.pb"/>
  <File Type="POSTROUTE-PHYSOPT-TIMING-RPX" Name="manualMultiply_timing_summary_postroute_physopted.rpx"/>
  <File Type="POSTROUTE-PHYSOPT-BUS-SKEW" Name="manualMultiply_bus_skew_postroute_physopted.rpt"/>
  <File Type="POSTROUTE-PHYSOPT-BUS-SKEW-PB" Name="manualMultiply_bus_skew_postroute_physopted.pb"/>
  <File Type="BG-BIT" Name="manualMultiply.bit"/>
  <File Type="POSTROUTE-PHYSOPT-BUS-SKEW-RPX" Name="manualMultiply_bus_skew_postroute_physopted.rpx"/>
  <File Type="BITSTR-RBT" Name="manualMultiply.rbt"/>
  <File Type="BITSTR-NKY" Name="manualMultiply.nky"/>
  <File Type="BG-DRC" Name="manualMultiply.drc"/>
  <File Type="RDI-RDI" Name="manualMultiply.vdi"/>
  <File Type="WBT-USG" Name="usage_statistics_webtalk.html"/>
  <FileSet Name="sources" Type="DesignSrcs" RelSrcDir="$PSRCDIR/sources_1">
    <Filter Type="Srcs"/>
    <File Path="$PSRCDIR/sources_1/imports/vivado/add/add/add.srcs/sources_1/imports/vivado/add.v">
      <FileInfo>
        <Attr Name="ImportPath" Val="$PPRDIR/../../add/add/add.srcs/sources_1/imports/vivado/add.v"/>
        <Attr Name="ImportTime" Val="1541412871"/>
        <Attr Name="UsedIn" Val="synthesis"/>
        <Attr Name="UsedIn" Val="implementation"/>
        <Attr Name="UsedIn" Val="simulation"/>
      </FileInfo>
    </File>
    <File Path="$PSRCDIR/sources_1/imports/vivado/r4bitRightShift/r4bitRightShift/r4bitRightShift.srcs/sources_1/new/r4bitRightShift.v">
      <FileInfo>
        <Attr Name="ImportPath" Val="$PPRDIR/../../r4bitRightShift/r4bitRightShift/r4bitRightShift.srcs/sources_1/new/r4bitRightShift.v"/>
        <Attr Name="ImportTime" Val="1541184032"/>
        <Attr Name="UsedIn" Val="synthesis"/>
        <Attr Name="UsedIn" Val="implementation"/>
        <Attr Name="UsedIn" Val="simulation"/>
      </FileInfo>
    </File>
    <File Path="$PSRCDIR/sources_1/new/manualMultiply.v">
      <FileInfo>
        <Attr Name="UsedIn" Val="synthesis"/>
        <Attr Name="UsedIn" Val="implementation"/>
        <Attr Name="UsedIn" Val="simulation"/>
      </FileInfo>
    </File>
    <Config>
      <Option Name="DesignMode" Val="RTL"/>
      <Option Name="TopModule" Val="manualMultiply"/>
      <Option Name="TopAutoSet" Val="TRUE"/>
    </Config>
  </FileSet>
  <FileSet Name="constrs_in" Type="Constrs" RelSrcDir="$PSRCDIR/constrs_1">
    <Filter Type="Constrs"/>
    <File Path="$PSRCDIR/constrs_1/imports/vivado/Nexys4DDR_Master.xdc">
      <FileInfo>
        <Attr Name="ImportPath" Val="$PPRDIR/../../multiply/D-FlipFlop/D-FlipFlop.srcs/constrs_1/imports/vivado/Nexys4DDR_Master.xdc"/>
        <Attr Name="ImportTime" Val="1541182982"/>
        <Attr Name="UsedIn" Val="synthesis"/>
        <Attr Name="UsedIn" Val="implementation"/>
      </FileInfo>
    </File>
    <Config>
      <Option Name="ConstrsType" Val="XDC"/>
    </Config>
  </FileSet>
  <Strategy Version="1" Minor="2">
    <StratHandle Name="Vivado Implementation Defaults" Flow="Vivado Implementation 2018"/>
    <Step Id="init_design"/>
    <Step Id="opt_design"/>
    <Step Id="power_opt_design"/>
    <Step Id="place_design"/>
    <Step Id="post_place_power_opt_design"/>
    <Step Id="phys_opt_design"/>
    <Step Id="route_design"/>
    <Step Id="post_route_phys_opt_design"/>
    <Step Id="write_bitstream"/>
  </Strategy>
</GenRun>
