<?xml version="1.0" encoding="UTF-8"?>
<GenRun Id="impl_1" LaunchPart="xc7a100tcsg324-1" LaunchTime="1538513898">
  <File Type="BITSTR-BMM" Name="SwitchLED1_bd.bmm"/>
  <File Type="OPT-METHODOLOGY-DRC" Name="SwitchLED1_methodology_drc_opted.rpt"/>
  <File Type="INIT-TIMING" Name="SwitchLED1_timing_summary_init.rpt"/>
  <File Type="ROUTE-PWR" Name="SwitchLED1_power_routed.rpt"/>
  <File Type="PA-TCL" Name="SwitchLED1.tcl"/>
  <File Type="OPT-TIMING" Name="SwitchLED1_timing_summary_opted.rpt"/>
  <File Type="OPT-DCP" Name="SwitchLED1_opt.dcp"/>
  <File Type="ROUTE-PWR-SUM" Name="SwitchLED1_power_summary_routed.pb"/>
  <File Type="REPORTS-TCL" Name="SwitchLED1_reports.tcl"/>
  <File Type="OPT-DRC" Name="SwitchLED1_drc_opted.rpt"/>
  <File Type="OPT-HWDEF" Name="SwitchLED1.hwdef"/>
  <File Type="PWROPT-DCP" Name="SwitchLED1_pwropt.dcp"/>
  <File Type="PWROPT-DRC" Name="SwitchLED1_drc_pwropted.rpt"/>
  <File Type="PWROPT-TIMING" Name="SwitchLED1_timing_summary_pwropted.rpt"/>
  <File Type="PLACE-DCP" Name="SwitchLED1_placed.dcp"/>
  <File Type="PLACE-IO" Name="SwitchLED1_io_placed.rpt"/>
  <File Type="PLACE-CLK" Name="SwitchLED1_clock_utilization_placed.rpt"/>
  <File Type="PLACE-UTIL" Name="SwitchLED1_utilization_placed.rpt"/>
  <File Type="PLACE-UTIL-PB" Name="SwitchLED1_utilization_placed.pb"/>
  <File Type="PLACE-CTRL" Name="SwitchLED1_control_sets_placed.rpt"/>
  <File Type="PLACE-SIMILARITY" Name="SwitchLED1_incremental_reuse_placed.rpt"/>
  <File Type="PLACE-PRE-SIMILARITY" Name="SwitchLED1_incremental_reuse_pre_placed.rpt"/>
  <File Type="BG-BGN" Name="SwitchLED1.bgn"/>
  <File Type="PLACE-TIMING" Name="SwitchLED1_timing_summary_placed.rpt"/>
  <File Type="POSTPLACE-PWROPT-DCP" Name="SwitchLED1_postplace_pwropt.dcp"/>
  <File Type="BG-BIN" Name="SwitchLED1.bin"/>
  <File Type="POSTPLACE-PWROPT-TIMING" Name="SwitchLED1_timing_summary_postplace_pwropted.rpt"/>
  <File Type="PHYSOPT-DCP" Name="SwitchLED1_physopt.dcp"/>
  <File Type="PHYSOPT-DRC" Name="SwitchLED1_drc_physopted.rpt"/>
  <File Type="BITSTR-MSK" Name="SwitchLED1.msk"/>
  <File Type="PHYSOPT-TIMING" Name="SwitchLED1_timing_summary_physopted.rpt"/>
  <File Type="ROUTE-ERROR-DCP" Name="SwitchLED1_routed_error.dcp"/>
  <File Type="ROUTE-DCP" Name="SwitchLED1_routed.dcp"/>
  <File Type="ROUTE-BLACKBOX-DCP" Name="SwitchLED1_routed_bb.dcp"/>
  <File Type="ROUTE-DRC" Name="SwitchLED1_drc_routed.rpt"/>
  <File Type="ROUTE-DRC-PB" Name="SwitchLED1_drc_routed.pb"/>
  <File Type="BITSTR-LTX" Name="debug_nets.ltx"/>
  <File Type="BITSTR-LTX" Name="SwitchLED1.ltx"/>
  <File Type="ROUTE-DRC-RPX" Name="SwitchLED1_drc_routed.rpx"/>
  <File Type="BITSTR-MMI" Name="SwitchLED1.mmi"/>
  <File Type="ROUTE-METHODOLOGY-DRC" Name="SwitchLED1_methodology_drc_routed.rpt"/>
  <File Type="ROUTE-METHODOLOGY-DRC-RPX" Name="SwitchLED1_methodology_drc_routed.rpx"/>
  <File Type="BITSTR-SYSDEF" Name="SwitchLED1.sysdef"/>
  <File Type="ROUTE-METHODOLOGY-DRC-PB" Name="SwitchLED1_methodology_drc_routed.pb"/>
  <File Type="ROUTE-PWR-RPX" Name="SwitchLED1_power_routed.rpx"/>
  <File Type="ROUTE-STATUS" Name="SwitchLED1_route_status.rpt"/>
  <File Type="ROUTE-STATUS-PB" Name="SwitchLED1_route_status.pb"/>
  <File Type="ROUTE-TIMINGSUMMARY" Name="SwitchLED1_timing_summary_routed.rpt"/>
  <File Type="ROUTE-TIMING-PB" Name="SwitchLED1_timing_summary_routed.pb"/>
  <File Type="ROUTE-TIMING-RPX" Name="SwitchLED1_timing_summary_routed.rpx"/>
  <File Type="ROUTE-SIMILARITY" Name="SwitchLED1_incremental_reuse_routed.rpt"/>
  <File Type="ROUTE-CLK" Name="SwitchLED1_clock_utilization_routed.rpt"/>
  <File Type="ROUTE-BUS-SKEW" Name="SwitchLED1_bus_skew_routed.rpt"/>
  <File Type="ROUTE-BUS-SKEW-PB" Name="SwitchLED1_bus_skew_routed.pb"/>
  <File Type="ROUTE-BUS-SKEW-RPX" Name="SwitchLED1_bus_skew_routed.rpx"/>
  <File Type="POSTROUTE-PHYSOPT-DCP" Name="SwitchLED1_postroute_physopt.dcp"/>
  <File Type="POSTROUTE-PHYSOPT-BLACKBOX-DCP" Name="SwitchLED1_postroute_physopt_bb.dcp"/>
  <File Type="POSTROUTE-PHYSOPT-TIMING" Name="SwitchLED1_timing_summary_postroute_physopted.rpt"/>
  <File Type="POSTROUTE-PHYSOPT-TIMING-PB" Name="SwitchLED1_timing_summary_postroute_physopted.pb"/>
  <File Type="POSTROUTE-PHYSOPT-TIMING-RPX" Name="SwitchLED1_timing_summary_postroute_physopted.rpx"/>
  <File Type="POSTROUTE-PHYSOPT-BUS-SKEW" Name="SwitchLED1_bus_skew_postroute_physopted.rpt"/>
  <File Type="POSTROUTE-PHYSOPT-BUS-SKEW-PB" Name="SwitchLED1_bus_skew_postroute_physopted.pb"/>
  <File Type="BG-BIT" Name="SwitchLED1.bit"/>
  <File Type="POSTROUTE-PHYSOPT-BUS-SKEW-RPX" Name="SwitchLED1_bus_skew_postroute_physopted.rpx"/>
  <File Type="BITSTR-RBT" Name="SwitchLED1.rbt"/>
  <File Type="BITSTR-NKY" Name="SwitchLED1.nky"/>
  <File Type="BG-DRC" Name="SwitchLED1.drc"/>
  <File Type="RDI-RDI" Name="SwitchLED1.vdi"/>
  <File Type="WBT-USG" Name="usage_statistics_webtalk.html"/>
  <FileSet Name="sources" Type="DesignSrcs" RelSrcDir="$PSRCDIR/sources_1">
    <Filter Type="Srcs"/>
    <File Path="$PSRCDIR/sources_1/new/SwitchLED1.v">
      <FileInfo>
        <Attr Name="UsedIn" Val="synthesis"/>
        <Attr Name="UsedIn" Val="implementation"/>
        <Attr Name="UsedIn" Val="simulation"/>
      </FileInfo>
    </File>
    <Config>
      <Option Name="DesignMode" Val="RTL"/>
      <Option Name="TopModule" Val="SwitchLED1"/>
      <Option Name="TopAutoSet" Val="TRUE"/>
    </Config>
  </FileSet>
  <FileSet Name="constrs_in" Type="Constrs" RelSrcDir="$PSRCDIR/constrs_1">
    <Filter Type="Constrs"/>
    <File Path="$PPRDIR/../Nexys4DDR_Master.xdc">
      <FileInfo>
        <Attr Name="UsedIn" Val="synthesis"/>
        <Attr Name="UsedIn" Val="implementation"/>
      </FileInfo>
    </File>
    <Config>
      <Option Name="ConstrsType" Val="XDC"/>
    </Config>
  </FileSet>
  <Strategy Version="1" Minor="2">
    <StratHandle Name="Vivado Implementation Defaults" Flow="Vivado Implementation 2018">
      <Desc>Default settings for Implementation.</Desc>
    </StratHandle>
    <Step Id="init_design"/>
    <Step Id="opt_design"/>
    <Step Id="power_opt_design"/>
    <Step Id="place_design"/>
    <Step Id="post_place_power_opt_design"/>
    <Step Id="phys_opt_design"/>
    <Step Id="route_design"/>
    <Step Id="post_route_phys_opt_design"/>
    <Step Id="write_bitstream"/>
  </Strategy>
</GenRun>
