<?xml version="1.0" encoding="UTF-8"?>
<GenRun Id="impl_1" LaunchPart="xc7a100tcsg324-1" LaunchTime="1538589466">
  <File Type="BITSTR-BMM" Name="vcb_bd.bmm"/>
  <File Type="OPT-METHODOLOGY-DRC" Name="vcb_methodology_drc_opted.rpt"/>
  <File Type="INIT-TIMING" Name="vcb_timing_summary_init.rpt"/>
  <File Type="ROUTE-PWR" Name="vcb_power_routed.rpt"/>
  <File Type="PA-TCL" Name="vcb.tcl"/>
  <File Type="OPT-TIMING" Name="vcb_timing_summary_opted.rpt"/>
  <File Type="OPT-DCP" Name="vcb_opt.dcp"/>
  <File Type="ROUTE-PWR-SUM" Name="vcb_power_summary_routed.pb"/>
  <File Type="REPORTS-TCL" Name="vcb_reports.tcl"/>
  <File Type="OPT-DRC" Name="vcb_drc_opted.rpt"/>
  <File Type="OPT-HWDEF" Name="vcb.hwdef"/>
  <File Type="PWROPT-DCP" Name="vcb_pwropt.dcp"/>
  <File Type="PWROPT-DRC" Name="vcb_drc_pwropted.rpt"/>
  <File Type="PWROPT-TIMING" Name="vcb_timing_summary_pwropted.rpt"/>
  <File Type="PLACE-DCP" Name="vcb_placed.dcp"/>
  <File Type="PLACE-IO" Name="vcb_io_placed.rpt"/>
  <File Type="PLACE-CLK" Name="vcb_clock_utilization_placed.rpt"/>
  <File Type="PLACE-UTIL" Name="vcb_utilization_placed.rpt"/>
  <File Type="PLACE-UTIL-PB" Name="vcb_utilization_placed.pb"/>
  <File Type="PLACE-CTRL" Name="vcb_control_sets_placed.rpt"/>
  <File Type="PLACE-SIMILARITY" Name="vcb_incremental_reuse_placed.rpt"/>
  <File Type="PLACE-PRE-SIMILARITY" Name="vcb_incremental_reuse_pre_placed.rpt"/>
  <File Type="BG-BGN" Name="vcb.bgn"/>
  <File Type="PLACE-TIMING" Name="vcb_timing_summary_placed.rpt"/>
  <File Type="POSTPLACE-PWROPT-DCP" Name="vcb_postplace_pwropt.dcp"/>
  <File Type="BG-BIN" Name="vcb.bin"/>
  <File Type="POSTPLACE-PWROPT-TIMING" Name="vcb_timing_summary_postplace_pwropted.rpt"/>
  <File Type="PHYSOPT-DCP" Name="vcb_physopt.dcp"/>
  <File Type="PHYSOPT-DRC" Name="vcb_drc_physopted.rpt"/>
  <File Type="BITSTR-MSK" Name="vcb.msk"/>
  <File Type="PHYSOPT-TIMING" Name="vcb_timing_summary_physopted.rpt"/>
  <File Type="ROUTE-ERROR-DCP" Name="vcb_routed_error.dcp"/>
  <File Type="ROUTE-DCP" Name="vcb_routed.dcp"/>
  <File Type="ROUTE-BLACKBOX-DCP" Name="vcb_routed_bb.dcp"/>
  <File Type="ROUTE-DRC" Name="vcb_drc_routed.rpt"/>
  <File Type="ROUTE-DRC-PB" Name="vcb_drc_routed.pb"/>
  <File Type="BITSTR-LTX" Name="debug_nets.ltx"/>
  <File Type="BITSTR-LTX" Name="vcb.ltx"/>
  <File Type="ROUTE-DRC-RPX" Name="vcb_drc_routed.rpx"/>
  <File Type="BITSTR-MMI" Name="vcb.mmi"/>
  <File Type="ROUTE-METHODOLOGY-DRC" Name="vcb_methodology_drc_routed.rpt"/>
  <File Type="ROUTE-METHODOLOGY-DRC-RPX" Name="vcb_methodology_drc_routed.rpx"/>
  <File Type="BITSTR-SYSDEF" Name="vcb.sysdef"/>
  <File Type="ROUTE-METHODOLOGY-DRC-PB" Name="vcb_methodology_drc_routed.pb"/>
  <File Type="ROUTE-PWR-RPX" Name="vcb_power_routed.rpx"/>
  <File Type="ROUTE-STATUS" Name="vcb_route_status.rpt"/>
  <File Type="ROUTE-STATUS-PB" Name="vcb_route_status.pb"/>
  <File Type="ROUTE-TIMINGSUMMARY" Name="vcb_timing_summary_routed.rpt"/>
  <File Type="ROUTE-TIMING-PB" Name="vcb_timing_summary_routed.pb"/>
  <File Type="ROUTE-TIMING-RPX" Name="vcb_timing_summary_routed.rpx"/>
  <File Type="ROUTE-SIMILARITY" Name="vcb_incremental_reuse_routed.rpt"/>
  <File Type="ROUTE-CLK" Name="vcb_clock_utilization_routed.rpt"/>
  <File Type="ROUTE-BUS-SKEW" Name="vcb_bus_skew_routed.rpt"/>
  <File Type="ROUTE-BUS-SKEW-PB" Name="vcb_bus_skew_routed.pb"/>
  <File Type="ROUTE-BUS-SKEW-RPX" Name="vcb_bus_skew_routed.rpx"/>
  <File Type="POSTROUTE-PHYSOPT-DCP" Name="vcb_postroute_physopt.dcp"/>
  <File Type="POSTROUTE-PHYSOPT-BLACKBOX-DCP" Name="vcb_postroute_physopt_bb.dcp"/>
  <File Type="POSTROUTE-PHYSOPT-TIMING" Name="vcb_timing_summary_postroute_physopted.rpt"/>
  <File Type="POSTROUTE-PHYSOPT-TIMING-PB" Name="vcb_timing_summary_postroute_physopted.pb"/>
  <File Type="POSTROUTE-PHYSOPT-TIMING-RPX" Name="vcb_timing_summary_postroute_physopted.rpx"/>
  <File Type="POSTROUTE-PHYSOPT-BUS-SKEW" Name="vcb_bus_skew_postroute_physopted.rpt"/>
  <File Type="POSTROUTE-PHYSOPT-BUS-SKEW-PB" Name="vcb_bus_skew_postroute_physopted.pb"/>
  <File Type="BG-BIT" Name="vcb.bit"/>
  <File Type="POSTROUTE-PHYSOPT-BUS-SKEW-RPX" Name="vcb_bus_skew_postroute_physopted.rpx"/>
  <File Type="BITSTR-RBT" Name="vcb.rbt"/>
  <File Type="BITSTR-NKY" Name="vcb.nky"/>
  <File Type="BG-DRC" Name="vcb.drc"/>
  <File Type="RDI-RDI" Name="vcb.vdi"/>
  <File Type="WBT-USG" Name="usage_statistics_webtalk.html"/>
  <FileSet Name="sources" Type="DesignSrcs" RelSrcDir="$PSRCDIR/sources_1">
    <Filter Type="Srcs"/>
    <File Path="$PSRCDIR/sources_1/new/vcb.v">
      <FileInfo>
        <Attr Name="UsedIn" Val="synthesis"/>
        <Attr Name="UsedIn" Val="implementation"/>
        <Attr Name="UsedIn" Val="simulation"/>
      </FileInfo>
    </File>
    <Config>
      <Option Name="DesignMode" Val="RTL"/>
      <Option Name="TopModule" Val="vcb"/>
      <Option Name="TopAutoSet" Val="TRUE"/>
    </Config>
  </FileSet>
  <FileSet Name="constrs_in" Type="Constrs" RelSrcDir="$PSRCDIR/constrs_1">
    <Filter Type="Constrs"/>
    <File Path="$PPRDIR/../Nexys4DDR_Master.xdc">
      <FileInfo>
        <Attr Name="UsedIn" Val="synthesis"/>
        <Attr Name="UsedIn" Val="implementation"/>
      </FileInfo>
    </File>
    <Config>
      <Option Name="ConstrsType" Val="XDC"/>
    </Config>
  </FileSet>
  <Strategy Version="1" Minor="2">
    <StratHandle Name="Vivado Implementation Defaults" Flow="Vivado Implementation 2018"/>
    <Step Id="init_design"/>
    <Step Id="opt_design"/>
    <Step Id="power_opt_design"/>
    <Step Id="place_design"/>
    <Step Id="post_place_power_opt_design"/>
    <Step Id="phys_opt_design"/>
    <Step Id="route_design"/>
    <Step Id="post_route_phys_opt_design"/>
    <Step Id="write_bitstream"/>
  </Strategy>
</GenRun>
