<?xml version="1.0" encoding="UTF-8"?>
<GenRun Id="synth_1" LaunchPart="xc7a100tcsg324-1" LaunchTime="1541694283">
  <File Type="PA-TCL" Name="manualMultiply.tcl"/>
  <File Type="RDS-PROPCONSTRS" Name="manualMultiply_drc_synth.rpt"/>
  <File Type="REPORTS-TCL" Name="manualMultiply_reports.tcl"/>
  <File Type="RDS-RDS" Name="manualMultiply.vds"/>
  <File Type="RDS-UTIL" Name="manualMultiply_utilization_synth.rpt"/>
  <File Type="RDS-UTIL-PB" Name="manualMultiply_utilization_synth.pb"/>
  <File Type="RDS-DCP" Name="manualMultiply.dcp"/>
  <File Type="VDS-TIMINGSUMMARY" Name="manualMultiply_timing_summary_synth.rpt"/>
  <File Type="VDS-TIMING-PB" Name="manualMultiply_timing_summary_synth.pb"/>
  <FileSet Name="sources" Type="DesignSrcs" RelSrcDir="$PSRCDIR/sources_1">
    <Filter Type="Srcs"/>
    <File Path="$PSRCDIR/sources_1/imports/vivado/add/add/add.srcs/sources_1/imports/vivado/add.v">
      <FileInfo>
        <Attr Name="ImportPath" Val="$PPRDIR/../../add/add/add.srcs/sources_1/imports/vivado/add.v"/>
        <Attr Name="ImportTime" Val="1541412871"/>
        <Attr Name="UsedIn" Val="synthesis"/>
        <Attr Name="UsedIn" Val="implementation"/>
        <Attr Name="UsedIn" Val="simulation"/>
      </FileInfo>
    </File>
    <File Path="$PSRCDIR/sources_1/imports/vivado/r4bitRightShift/r4bitRightShift/r4bitRightShift.srcs/sources_1/new/r4bitRightShift.v">
      <FileInfo>
        <Attr Name="ImportPath" Val="$PPRDIR/../../r4bitRightShift/r4bitRightShift/r4bitRightShift.srcs/sources_1/new/r4bitRightShift.v"/>
        <Attr Name="ImportTime" Val="1541184032"/>
        <Attr Name="UsedIn" Val="synthesis"/>
        <Attr Name="UsedIn" Val="implementation"/>
        <Attr Name="UsedIn" Val="simulation"/>
      </FileInfo>
    </File>
    <File Path="$PSRCDIR/sources_1/new/manualMultiply.v">
      <FileInfo>
        <Attr Name="UsedIn" Val="synthesis"/>
        <Attr Name="UsedIn" Val="implementation"/>
        <Attr Name="UsedIn" Val="simulation"/>
      </FileInfo>
    </File>
    <Config>
      <Option Name="DesignMode" Val="RTL"/>
      <Option Name="TopModule" Val="manualMultiply"/>
      <Option Name="TopAutoSet" Val="TRUE"/>
    </Config>
  </FileSet>
  <FileSet Name="constrs_in" Type="Constrs" RelSrcDir="$PSRCDIR/constrs_1">
    <Filter Type="Constrs"/>
    <File Path="$PSRCDIR/constrs_1/imports/vivado/Nexys4DDR_Master.xdc">
      <FileInfo>
        <Attr Name="ImportPath" Val="$PPRDIR/../../multiply/D-FlipFlop/D-FlipFlop.srcs/constrs_1/imports/vivado/Nexys4DDR_Master.xdc"/>
        <Attr Name="ImportTime" Val="1541182982"/>
        <Attr Name="UsedIn" Val="synthesis"/>
        <Attr Name="UsedIn" Val="implementation"/>
      </FileInfo>
    </File>
    <Config>
      <Option Name="ConstrsType" Val="XDC"/>
    </Config>
  </FileSet>
  <Strategy Version="1" Minor="2">
    <StratHandle Name="Vivado Synthesis Defaults" Flow="Vivado Synthesis 2018"/>
    <Step Id="synth_design"/>
  </Strategy>
</GenRun>
