<?xml version="1.0" encoding="UTF-8"?>
<GenRun Id="synth_1" LaunchPart="xc7a100tcsg324-1" LaunchTime="1538767053">
  <File Type="PA-TCL" Name="simple7Seg.tcl"/>
  <File Type="RDS-PROPCONSTRS" Name="simple7Seg_drc_synth.rpt"/>
  <File Type="REPORTS-TCL" Name="simple7Seg_reports.tcl"/>
  <File Type="RDS-RDS" Name="simple7Seg.vds"/>
  <File Type="RDS-UTIL" Name="simple7Seg_utilization_synth.rpt"/>
  <File Type="RDS-UTIL-PB" Name="simple7Seg_utilization_synth.pb"/>
  <File Type="RDS-DCP" Name="simple7Seg.dcp"/>
  <File Type="VDS-TIMINGSUMMARY" Name="simple7Seg_timing_summary_synth.rpt"/>
  <File Type="VDS-TIMING-PB" Name="simple7Seg_timing_summary_synth.pb"/>
  <FileSet Name="sources" Type="DesignSrcs" RelSrcDir="$PSRCDIR/sources_1">
    <Filter Type="Srcs"/>
    <File Path="$PSRCDIR/sources_1/new/simple7Seg.v">
      <FileInfo>
        <Attr Name="UsedIn" Val="synthesis"/>
        <Attr Name="UsedIn" Val="implementation"/>
        <Attr Name="UsedIn" Val="simulation"/>
      </FileInfo>
    </File>
    <Config>
      <Option Name="DesignMode" Val="RTL"/>
      <Option Name="TopModule" Val="simple7Seg"/>
      <Option Name="TopAutoSet" Val="TRUE"/>
    </Config>
  </FileSet>
  <FileSet Name="constrs_in" Type="Constrs" RelSrcDir="$PSRCDIR/constrs_1">
    <Filter Type="Constrs"/>
    <File Path="$PSRCDIR/constrs_1/imports/CONSTANTS/Nexys4DDR_Master.xdc">
      <FileInfo>
        <Attr Name="ImportPath" Val="$PPRDIR/../../CONSTANTS/CONSTANTS/Nexys4DDR_Master.xdc"/>
        <Attr Name="ImportTime" Val="1538754053"/>
        <Attr Name="UsedIn" Val="synthesis"/>
        <Attr Name="UsedIn" Val="implementation"/>
      </FileInfo>
    </File>
    <Config>
      <Option Name="ConstrsType" Val="XDC"/>
    </Config>
  </FileSet>
  <Strategy Version="1" Minor="2">
    <StratHandle Name="Vivado Synthesis Defaults" Flow="Vivado Synthesis 2018"/>
    <Step Id="synth_design"/>
  </Strategy>
</GenRun>
