<?xml version="1.0" encoding="UTF-8"?>
<GenRun Id="impl_1" LaunchPart="xc7a100tcsg324-1" LaunchTime="1538767093">
  <File Type="BITSTR-BMM" Name="simple7Seg_bd.bmm"/>
  <File Type="OPT-METHODOLOGY-DRC" Name="simple7Seg_methodology_drc_opted.rpt"/>
  <File Type="INIT-TIMING" Name="simple7Seg_timing_summary_init.rpt"/>
  <File Type="ROUTE-PWR" Name="simple7Seg_power_routed.rpt"/>
  <File Type="PA-TCL" Name="simple7Seg.tcl"/>
  <File Type="OPT-TIMING" Name="simple7Seg_timing_summary_opted.rpt"/>
  <File Type="OPT-DCP" Name="simple7Seg_opt.dcp"/>
  <File Type="ROUTE-PWR-SUM" Name="simple7Seg_power_summary_routed.pb"/>
  <File Type="REPORTS-TCL" Name="simple7Seg_reports.tcl"/>
  <File Type="OPT-DRC" Name="simple7Seg_drc_opted.rpt"/>
  <File Type="OPT-HWDEF" Name="simple7Seg.hwdef"/>
  <File Type="PWROPT-DCP" Name="simple7Seg_pwropt.dcp"/>
  <File Type="PWROPT-DRC" Name="simple7Seg_drc_pwropted.rpt"/>
  <File Type="PWROPT-TIMING" Name="simple7Seg_timing_summary_pwropted.rpt"/>
  <File Type="PLACE-DCP" Name="simple7Seg_placed.dcp"/>
  <File Type="PLACE-IO" Name="simple7Seg_io_placed.rpt"/>
  <File Type="PLACE-CLK" Name="simple7Seg_clock_utilization_placed.rpt"/>
  <File Type="PLACE-UTIL" Name="simple7Seg_utilization_placed.rpt"/>
  <File Type="PLACE-UTIL-PB" Name="simple7Seg_utilization_placed.pb"/>
  <File Type="PLACE-CTRL" Name="simple7Seg_control_sets_placed.rpt"/>
  <File Type="PLACE-SIMILARITY" Name="simple7Seg_incremental_reuse_placed.rpt"/>
  <File Type="PLACE-PRE-SIMILARITY" Name="simple7Seg_incremental_reuse_pre_placed.rpt"/>
  <File Type="BG-BGN" Name="simple7Seg.bgn"/>
  <File Type="PLACE-TIMING" Name="simple7Seg_timing_summary_placed.rpt"/>
  <File Type="POSTPLACE-PWROPT-DCP" Name="simple7Seg_postplace_pwropt.dcp"/>
  <File Type="BG-BIN" Name="simple7Seg.bin"/>
  <File Type="POSTPLACE-PWROPT-TIMING" Name="simple7Seg_timing_summary_postplace_pwropted.rpt"/>
  <File Type="PHYSOPT-DCP" Name="simple7Seg_physopt.dcp"/>
  <File Type="PHYSOPT-DRC" Name="simple7Seg_drc_physopted.rpt"/>
  <File Type="BITSTR-MSK" Name="simple7Seg.msk"/>
  <File Type="PHYSOPT-TIMING" Name="simple7Seg_timing_summary_physopted.rpt"/>
  <File Type="ROUTE-ERROR-DCP" Name="simple7Seg_routed_error.dcp"/>
  <File Type="ROUTE-DCP" Name="simple7Seg_routed.dcp"/>
  <File Type="ROUTE-BLACKBOX-DCP" Name="simple7Seg_routed_bb.dcp"/>
  <File Type="ROUTE-DRC" Name="simple7Seg_drc_routed.rpt"/>
  <File Type="ROUTE-DRC-PB" Name="simple7Seg_drc_routed.pb"/>
  <File Type="BITSTR-LTX" Name="debug_nets.ltx"/>
  <File Type="BITSTR-LTX" Name="simple7Seg.ltx"/>
  <File Type="ROUTE-DRC-RPX" Name="simple7Seg_drc_routed.rpx"/>
  <File Type="BITSTR-MMI" Name="simple7Seg.mmi"/>
  <File Type="ROUTE-METHODOLOGY-DRC" Name="simple7Seg_methodology_drc_routed.rpt"/>
  <File Type="ROUTE-METHODOLOGY-DRC-RPX" Name="simple7Seg_methodology_drc_routed.rpx"/>
  <File Type="BITSTR-SYSDEF" Name="simple7Seg.sysdef"/>
  <File Type="ROUTE-METHODOLOGY-DRC-PB" Name="simple7Seg_methodology_drc_routed.pb"/>
  <File Type="ROUTE-PWR-RPX" Name="simple7Seg_power_routed.rpx"/>
  <File Type="ROUTE-STATUS" Name="simple7Seg_route_status.rpt"/>
  <File Type="ROUTE-STATUS-PB" Name="simple7Seg_route_status.pb"/>
  <File Type="ROUTE-TIMINGSUMMARY" Name="simple7Seg_timing_summary_routed.rpt"/>
  <File Type="ROUTE-TIMING-PB" Name="simple7Seg_timing_summary_routed.pb"/>
  <File Type="ROUTE-TIMING-RPX" Name="simple7Seg_timing_summary_routed.rpx"/>
  <File Type="ROUTE-SIMILARITY" Name="simple7Seg_incremental_reuse_routed.rpt"/>
  <File Type="ROUTE-CLK" Name="simple7Seg_clock_utilization_routed.rpt"/>
  <File Type="ROUTE-BUS-SKEW" Name="simple7Seg_bus_skew_routed.rpt"/>
  <File Type="ROUTE-BUS-SKEW-PB" Name="simple7Seg_bus_skew_routed.pb"/>
  <File Type="ROUTE-BUS-SKEW-RPX" Name="simple7Seg_bus_skew_routed.rpx"/>
  <File Type="POSTROUTE-PHYSOPT-DCP" Name="simple7Seg_postroute_physopt.dcp"/>
  <File Type="POSTROUTE-PHYSOPT-BLACKBOX-DCP" Name="simple7Seg_postroute_physopt_bb.dcp"/>
  <File Type="POSTROUTE-PHYSOPT-TIMING" Name="simple7Seg_timing_summary_postroute_physopted.rpt"/>
  <File Type="POSTROUTE-PHYSOPT-TIMING-PB" Name="simple7Seg_timing_summary_postroute_physopted.pb"/>
  <File Type="POSTROUTE-PHYSOPT-TIMING-RPX" Name="simple7Seg_timing_summary_postroute_physopted.rpx"/>
  <File Type="POSTROUTE-PHYSOPT-BUS-SKEW" Name="simple7Seg_bus_skew_postroute_physopted.rpt"/>
  <File Type="POSTROUTE-PHYSOPT-BUS-SKEW-PB" Name="simple7Seg_bus_skew_postroute_physopted.pb"/>
  <File Type="BG-BIT" Name="simple7Seg.bit"/>
  <File Type="POSTROUTE-PHYSOPT-BUS-SKEW-RPX" Name="simple7Seg_bus_skew_postroute_physopted.rpx"/>
  <File Type="BITSTR-RBT" Name="simple7Seg.rbt"/>
  <File Type="BITSTR-NKY" Name="simple7Seg.nky"/>
  <File Type="BG-DRC" Name="simple7Seg.drc"/>
  <File Type="RDI-RDI" Name="simple7Seg.vdi"/>
  <File Type="WBT-USG" Name="usage_statistics_webtalk.html"/>
  <FileSet Name="sources" Type="DesignSrcs" RelSrcDir="$PSRCDIR/sources_1">
    <Filter Type="Srcs"/>
    <File Path="$PSRCDIR/sources_1/new/simple7Seg.v">
      <FileInfo>
        <Attr Name="UsedIn" Val="synthesis"/>
        <Attr Name="UsedIn" Val="implementation"/>
        <Attr Name="UsedIn" Val="simulation"/>
      </FileInfo>
    </File>
    <Config>
      <Option Name="DesignMode" Val="RTL"/>
      <Option Name="TopModule" Val="simple7Seg"/>
      <Option Name="TopAutoSet" Val="TRUE"/>
    </Config>
  </FileSet>
  <FileSet Name="constrs_in" Type="Constrs" RelSrcDir="$PSRCDIR/constrs_1">
    <Filter Type="Constrs"/>
    <File Path="$PSRCDIR/constrs_1/imports/CONSTANTS/Nexys4DDR_Master.xdc">
      <FileInfo>
        <Attr Name="ImportPath" Val="$PPRDIR/../../CONSTANTS/CONSTANTS/Nexys4DDR_Master.xdc"/>
        <Attr Name="ImportTime" Val="1538754053"/>
        <Attr Name="UsedIn" Val="synthesis"/>
        <Attr Name="UsedIn" Val="implementation"/>
      </FileInfo>
    </File>
    <Config>
      <Option Name="ConstrsType" Val="XDC"/>
    </Config>
  </FileSet>
  <Strategy Version="1" Minor="2">
    <StratHandle Name="Vivado Implementation Defaults" Flow="Vivado Implementation 2018"/>
    <Step Id="init_design"/>
    <Step Id="opt_design"/>
    <Step Id="power_opt_design"/>
    <Step Id="place_design"/>
    <Step Id="post_place_power_opt_design"/>
    <Step Id="phys_opt_design"/>
    <Step Id="route_design"/>
    <Step Id="post_route_phys_opt_design"/>
    <Step Id="write_bitstream"/>
  </Strategy>
</GenRun>
