<?xml version="1.0" encoding="UTF-8"?>
<GenRun Id="synth_1" LaunchPart="xc7a100tcsg324-1" LaunchTime="1538513845">
  <File Type="PA-TCL" Name="SwitchLED1.tcl"/>
  <File Type="RDS-PROPCONSTRS" Name="SwitchLED1_drc_synth.rpt"/>
  <File Type="REPORTS-TCL" Name="SwitchLED1_reports.tcl"/>
  <File Type="RDS-RDS" Name="SwitchLED1.vds"/>
  <File Type="RDS-UTIL" Name="SwitchLED1_utilization_synth.rpt"/>
  <File Type="RDS-UTIL-PB" Name="SwitchLED1_utilization_synth.pb"/>
  <File Type="RDS-DCP" Name="SwitchLED1.dcp"/>
  <File Type="VDS-TIMINGSUMMARY" Name="SwitchLED1_timing_summary_synth.rpt"/>
  <File Type="VDS-TIMING-PB" Name="SwitchLED1_timing_summary_synth.pb"/>
  <FileSet Name="sources" Type="DesignSrcs" RelSrcDir="$PSRCDIR/sources_1">
    <Filter Type="Srcs"/>
    <File Path="$PSRCDIR/sources_1/new/SwitchLED1.v">
      <FileInfo>
        <Attr Name="UsedIn" Val="synthesis"/>
        <Attr Name="UsedIn" Val="implementation"/>
        <Attr Name="UsedIn" Val="simulation"/>
      </FileInfo>
    </File>
    <Config>
      <Option Name="DesignMode" Val="RTL"/>
      <Option Name="TopModule" Val="SwitchLED1"/>
      <Option Name="TopAutoSet" Val="TRUE"/>
    </Config>
  </FileSet>
  <FileSet Name="constrs_in" Type="Constrs" RelSrcDir="$PSRCDIR/constrs_1">
    <Filter Type="Constrs"/>
    <File Path="$PPRDIR/../Nexys4DDR_Master.xdc">
      <FileInfo>
        <Attr Name="UsedIn" Val="synthesis"/>
        <Attr Name="UsedIn" Val="implementation"/>
      </FileInfo>
    </File>
    <Config>
      <Option Name="ConstrsType" Val="XDC"/>
    </Config>
  </FileSet>
  <Strategy Version="1" Minor="2">
    <StratHandle Name="Vivado Synthesis Defaults" Flow="Vivado Synthesis 2018">
      <Desc>Vivado Synthesis Defaults</Desc>
    </StratHandle>
    <Step Id="synth_design"/>
  </Strategy>
</GenRun>
